,Hospital,Treatment,Value
0,ANDALUSIA HEALTH,Primary Care Visit,25.644323615858404
1,ANDALUSIA HEALTH,Specialist Visit,44.43187474422018
2,ANDALUSIA HEALTH,Emergency Room Visit,181.08336438022133
3,ANDALUSIA HEALTH,Urgent Care Visit,81.34646781273689
4,ANDALUSIA HEALTH,Physical Therapy Session,34.98526341938389
5,ANDALUSIA HEALTH,Mental Health Counseling,33.992442993897406
6,ANDALUSIA HEALTH,Chiropractic Visit,32.79053673503624
7,ANDALUSIA HEALTH,Dermatology Visit,48.35558653344215
8,ANDALUSIA HEALTH,Cardiology Consultation,44.821873090571536
9,ANDALUSIA HEALTH,Orthopedic Consultation,48.52557237365426
10,ANDALUSIA HEALTH,Gastroenterology Consultation,39.418931229850294
11,ANDALUSIA HEALTH,Neurology Consultation,47.908366602711816
12,ANDALUSIA HEALTH,Obstetrics/Gynecology Visit,31.829791038947
13,ANDALUSIA HEALTH,Pediatrician Visit,27.877353274829932
14,ANDALUSIA HEALTH,Ophthalmology Visit,49.80315734950842
15,ANDALUSIA HEALTH,Optometry Visit,27.987066099679083
16,ANDALUSIA HEALTH,Dental Cleaning,35.60555502225421
17,ANDALUSIA HEALTH,Dental Filling,70.99351739460721
18,ANDALUSIA HEALTH,Dental Extraction,104.25115099615724
19,ANDALUSIA HEALTH,Routine Blood Test,22.27623479135418
20,ANDALUSIA HEALTH,Rheumatology Consultation,45.13260162395938
21,ANDALUSIA HEALTH,Acupuncture Session,32.028725204915446
22,ANDALUSIA HEALTH,Acupressure Therapy,28.894244248215166
23,ANDALUSIA HEALTH,Hypnotherapy Session,48.180296960667896
24,ANDALUSIA HEALTH,Hydrotherapy Session,36.38843013119346
25,ANDALUSIA HEALTH,Dialectical Behavior Therapy (DBT),34.97919278297925
26,ANDALUSIA HEALTH,Intensive Outpatient Program (IOP),101.36899168835353
27,ANDALUSIA HEALTH,Partial Hospitalization Program (PHP),139.26546457335837
28,ANDALUSIA HEALTH,Immunotherapy Injection,99.60285643255274
29,ANDALUSIA HEALTH,IV Vitamin Therapy,52.26982133029075
30,ANDALUSIA HEALTH,Chelation Therapy,113.38853950931426
31,ANDALUSIA HEALTH,PRP (Platelet-Rich Plasma) Injection,138.39939546288568
32,ANDALUSIA HEALTH,Trigger Point Injection,42.922023045238205
33,ANDALUSIA HEALTH,Epidural Steroid Injection,106.6376734328821
34,ANDALUSIA HEALTH,Botox Injection for Migraines,80.16858337889872
35,ANDALUSIA HEALTH,Ketamine Infusion Therapy,209.1938011015092
36,ANDALUSIA HEALTH,Biofeedback Session,39.65148083382968
37,ANDALUSIA HEALTH,Electromagnetic Therapy,56.96013916146131
38,ANDALUSIA HEALTH,Chiropractic Adjustment,31.533698524292433
39,ANDALUSIA HEALTH,Naturopathy Consultation,35.14608688710123
40,ANDALUSIA HEALTH,Integrative Medicine Consultation,38.92334964199288
41,ANDALUSIA HEALTH,Ayurvedic Treatment Consultation,35.255100652710944
42,ANDALUSIA HEALTH,Reiki Session,30.906797192950147
43,ANDALUSIA HEALTH,Craniosacral Therapy Session,36.56280482012931
44,ANDALUSIA HEALTH,Prolotherapy Injection,103.25079954812367
45,ANDALUSIA HEALTH,Ozone Therapy Session,52.99838601958058
46,ANDALUSIA HEALTH,Physical Medicine Injection Therapy,54.107966401557874
47,ANDALUSIA HEALTH,Diabetic Foot Care,30.155018042546303
48,ANDALUSIA HEALTH,Diabetic Retinopathy Screening,22.33138951181926
49,ANDALUSIA HEALTH,Cardiac Risk Assessment,23.58090389291387
50,ANDALUSIA HEALTH,Cholesterol Panel,14.827311134678387
51,ANDALUSIA HEALTH,HIV Prevention (PrEP),17.71528382481398
52,ANDALUSIA HEALTH,HIV Treatment (PEP),29.80106331828867
53,ANDALUSIA HEALTH,Homeopathic Treatment Consultation,38.183262901767215
54,ANDALUSIA HEALTH,Hormone Imbalance Consultation,45.932943937533864
55,ANDALUSIA HEALTH,Men’s Health Consultation,29.39412799610249
56,ANDALUSIA HEALTH,Women’s Health Consultation,41.56352808361663
57,ANDALUSIA HEALTH,Pediatric Immunotherapy,39.186777896024346
58,ANDALUSIA HEALTH,Pediatric Developmental Therapy,40.87078538070528
59,ANDALUSIA HEALTH,Pediatric Feeding Therapy,43.53059603650682
60,ANDALUSIA HEALTH,Infant Physical Therapy,31.795145416370715
61,ANDALUSIA HEALTH,Neonatal Intensive Care Consultation,111.59837654803981
62,ANDALUSIA HEALTH,Pediatric Sleep Medicine Consultation,50.256894265785796
63,ANDALUSIA HEALTH,Child Psychiatry Consultation,56.58150408469569
64,ANDALUSIA HEALTH,Adolescent Medicine Consultation,37.15133520638078
65,ANDALUSIA HEALTH,Travel Vaccination Consultation,29.74907202642031
66,ANDALUSIA HEALTH,Rabies Vaccine Series,105.74896990882206
67,ANDALUSIA HEALTH,Malaria Prevention Consultation,26.003972602550743
68,ANDALUSIA HEALTH,Occupational Medicine Consultation,36.500921601650994
69,ANDALUSIA HEALTH,Substance Use Disorder Assessment,57.360329089003116
70,ANDALUSIA HEALTH,"Physical Medicine Procedure (e.g., electrotherapy)",56.7669237645266
71,ANDALUSIA HEALTH,Urinary Incontinence Therapy,43.25577480726123
72,ANDALUSIA HEALTH,Kidney Stone Removal (Outpatient),98.52586148993667
73,ANDALUSIA HEALTH,Erectile Dysfunction Therapy,52.568040652435656
74,ANDALUSIA HEALTH,Gender-Affirming Hormone Therapy,39.08886076327491
75,ANDALUSIA HEALTH,Transplant Follow-Up Consultation,81.65292563933747
76,ANDALUSIA HEALTH,Bone Marrow Donation Consultation,68.68979869429718
77,ANDALUSIA HEALTH,Sickle Cell Disease Consultation,50.10875267051515
78,ANDALUSIA HEALTH,Hemophilia Treatment,104.16065063548184
79,ANDALUSIA HEALTH,Cancer Genetic Counseling,62.58749470059369
80,ANDALUSIA HEALTH,Breast Reconstruction Consultation,71.64394961726849
81,ANDALUSIA HEALTH,Reconstructive Surgery Consultation,80.29565705985951
82,ANDALUSIA HEALTH,Vein Ablation Therapy,100.74815299057812
83,ANDALUSIA HEALTH,Aortic Aneurysm Screening,38.35499320456469
84,ANDALUSIA HEALTH,Peripheral Arterial Disease Screening,29.228595336751862
85,ANDALUSIA HEALTH,Chronic Pain Evaluation,42.44786650559611
86,ANDALUSIA HEALTH,Migraine Prevention Consultation,38.84112885966811
87,ANDALUSIA HEALTH,Spinal Cord Stimulation Therapy,100.27831932299306
88,ANDALUSIA HEALTH,Gout Management Consultation,34.571045254606155
89,ANDALUSIA HEALTH,Lupus Care Consultation,44.522098179109655
90,ANDALUSIA HEALTH,Fibromyalgia Treatment Consultation,31.43011262143859
91,ANDALUSIA HEALTH,Autoimmune Disorder Counseling,33.44865893493158
92,ANDALUSIA HEALTH,Psoriatic Arthritis Management,50.97793721231055
93,ANDALUSIA HEALTH,IBD (Inflammatory Bowel Disease) Treatment,51.418934950083084
94,ANDALUSIA HEALTH,Colorectal Cancer Screening,22.749969261666077
95,ANDALUSIA HEALTH,Genetic Testing for Cancer,86.77830950118044
96,ANDALUSIA HEALTH,Insulin Resistance Management,33.546392472909716
97,ANDALUSIA HEALTH,Cognitive Rehabilitation,46.80425364023823
98,ANDALUSIA HEALTH,Alzheimer’s Disease Assessment,41.634309120227854
99,ANDALUSIA HEALTH,Parkinson’s Disease Therapy,37.612732217461044
100,ANDALUSIA HEALTH,Multiple Sclerosis (MS) Management,54.40014399880641
101,ANDALUSIA HEALTH,ALS (Lou Gehrig’s Disease) Consultation,58.383314159346014
102,ANDALUSIA HEALTH,Alzheimer’s Family Counseling,34.671468972092356
103,ANDALUSIA HEALTH,Stroke Rehabilitation Therapy,51.87836689272326
104,ANDALUSIA HEALTH,Traumatic Brain Injury (TBI) Consultation,60.84994782058923
105,ANDALUSIA HEALTH,Language and Speech Evaluation,40.586400714319154
106,ANDALUSIA HEALTH,ADHD Medication Management,26.656019946649646
107,ANDALUSIA HEALTH,PTSD Therapy Session,38.628262854144026
108,ANDALUSIA HEALTH,Anxiety Management Session,34.796657999768
109,ANDALUSIA HEALTH,Pediatric Speech Therapy,32.892538457938024
110,ANDALUSIA HEALTH,Pediatric Mobility Training,34.407788372937766
111,ANDALUSIA HEALTH,Autism Occupational Therapy,42.88136048700041
112,ANDALUSIA HEALTH,Feeding and Swallowing Therapy,42.20851576249191
113,ANDALUSIA HEALTH,Pediatric Social Skills Training,38.50905295590736
114,ANDALUSIA HEALTH,Adult ADHD Management,36.02463787616291
115,ANDALUSIA HEALTH,Post-Concussion Evaluation,37.71415163759624
116,ANDALUSIA HEALTH,High-Risk Pregnancy Consultation,56.450603749609265
117,ANDALUSIA HEALTH,Reproductive Endocrinology Consultation,59.83106625703722
118,ANDALUSIA HEALTH,Genetic Carrier Screening,59.23382955165886
119,ANDALUSIA HEALTH,Fetal Echocardiogram,94.54884333678466
120,ANDALUSIA HEALTH,Telepsychiatry Consultation,29.991014278676765
121,ANDALUSIA HEALTH,Genetic Testing for Cardiomyopathy,100.66253468894868
122,ANDALUSIA HEALTH,Hyperbaric Oxygen Therapy,70.08473688475814
123,ANDALUSIA HEALTH,Holter Monitoring Analysis,61.55559959118458
124,ANDALUSIA HEALTH,Cardiac Stress Test (Nuclear),98.63622671252676
125,ANDALUSIA HEALTH,Radiofrequency Ablation for Arrhythmias,186.92016946647996
126,ANDALUSIA HEALTH,Telecardiology Consultation,52.28337617268091
127,ANDALUSIA HEALTH,Pediatric Oncology Consultation,74.40563198588143
128,ANDALUSIA HEALTH,Pediatric Cardiac Surgery Consultation,90.19211834425332
129,ANDALUSIA HEALTH,Pediatric Oncology Follow-up,74.39638347455731
130,ANDALUSIA HEALTH,Palliative Chemotherapy Consultation,88.56938392424834
131,ANDALUSIA HEALTH,Home Visit by Registered Nurse,35.503101667356226
132,ANDALUSIA HEALTH,Wound Debridement,54.930368676172094
133,ANDALUSIA HEALTH,Diagnostic Laparoscopy,98.38293467792923
134,ANDALUSIA HEALTH,Liposuction Consultation,71.58933648489361
135,ANDALUSIA HEALTH,Sclerotherapy for Varicose Veins,50.653936256592
136,ANDALUSIA HEALTH,Bone Marrow Transplant Counseling,101.41563748486396
137,ANDALUSIA HEALTH,Peritoneal Dialysis Training,42.604833190694535
138,ANDALUSIA HEALTH,Pediatric Infectious Disease Consultation,81.06844943909337
139,ANDALUSIA HEALTH,Pediatric Genetic Counseling,55.55431873514386
140,ANDALUSIA HEALTH,Genetic Testing for Cystic Fibrosis,74.34860792770871
141,ANDALUSIA HEALTH,Genetic Counseling for Metabolic Disorders,63.83014456474901
142,ANDALUSIA HEALTH,Long-Term HIV Treatment,55.76874559265814
143,ANDALUSIA HEALTH,Chronic Hepatitis Management,45.31001839707596
144,ANDALUSIA HEALTH,Hemochromatosis Screening,39.5118498776695
145,ANDALUSIA HEALTH,Emergency Dental Service,78.15361341176919
146,ANDALUSIA HEALTH,Pediatric Asthma Treatment,40.73152499757105
147,ANDALUSIA HEALTH,Homeopathic Remedy Consultation,36.8611791574672
148,ANDALUSIA HEALTH,Preventive Dental Sealants for Children,18.99817011881199
149,ANDALUSIA HEALTH,Invisalign Consultation,95.54882355862536
150,ANDALUSIA HEALTH,Orthognathic Surgery Consultation,91.46527373889548
151,ANDALUSIA HEALTH,Sedation Dentistry,66.66647032548012
152,ANDALUSIA HEALTH,Airway Management Consultation,45.286074564138104
153,ANDALUSIA HEALTH,Orthopedic Bracing Consultation,31.029769766403447
154,ANDALUSIA HEALTH,Rheumatoid Arthritis Injection,82.14406800791298
155,ANDALUSIA HEALTH,Hepatitis B Vaccine,19.14760702858764
156,ANDALUSIA HEALTH,Pediatric Orthopedic Follow-up,42.20371904084258
157,ANDALUSIA HEALTH,Neonatal Follow-up,30.19728022406108
158,ANDALUSIA HEALTH,Pediatric Pulmonology Consultation,76.86392268691174
159,ANDALUSIA HEALTH,Teledermatology Consultation,34.566077164686284
160,ANDALUSIA HEALTH,Lyme Disease Treatment,51.13231526706593
161,ANDALUSIA HEALTH,Pediatric Gastroenterology Consultation,83.62390419273807
162,ANDALUSIA HEALTH,Allergy Panel Testing,38.72731267602262
163,ANDALUSIA HEALTH,Food Allergy Desensitization Therapy,89.35025657303059
164,ANDALUSIA HEALTH,Anti-Malarial Treatment,35.98588010035989
165,ANDALUSIA HEALTH,Zika Virus Screening,31.057338788511316
166,ANDALUSIA HEALTH,Dental Night Guard Fitting,101.86964238500408
167,ANDALUSIA HEALTH,Pediatric Diabetes Management,61.01274341160122
168,ANDALUSIA HEALTH,Clinical Nutrition Counseling,46.25204924693027
169,ANDALUSIA HEALTH,End-of-Life Planning Consultation,40.149152615565754
170,ANDALUSIA HEALTH,Spiritual Counseling,21.50729074020008
171,ANDALUSIA HEALTH,Pediatric Endocrinology Consultation,81.68026477046489
172,ANDALUSIA HEALTH,Thyroid Ultrasound,52.09760549165747
173,ANDALUSIA HEALTH,Thyroid Biopsy,87.5445658483047
174,ANDALUSIA HEALTH,Parathyroid Scan,42.82700284366746
175,ANDALUSIA HEALTH,Urology Ultrasound,56.392247629672504
176,ANDALUSIA HEALTH,Bladder Cancer Screening,38.45215541686795
177,ANDALUSIA HEALTH,Prostate Cancer Genetic Screening,49.87902570775807
178,ANDALUSIA HEALTH,Men’s Fertility Counseling,55.75619710909464
179,ANDALUSIA HEALTH,Assisted Reproductive Technology Consultation,84.72872433284007
180,ANDALUSIA HEALTH,Breastfeeding Support Program,19.511625631527274
181,ANDALUSIA HEALTH,Lactation Follow-up,23.86445003677256
182,ANDALUSIA HEALTH,Postpartum Physical Therapy,38.733791409401576
183,ANDALUSIA HEALTH,Chronic Migraine Therapy,52.21307769943171
184,ANDALUSIA HEALTH,Pelvic Floor Therapy,36.56318490841163
185,ANDALUSIA HEALTH,Pediatric Psychiatry Telemedicine,54.411117551697465
186,ANDALUSIA HEALTH,Palliative Endocrinology,38.27713631119804
187,ANDALUSIA HEALTH,Sickle Cell Treatment Consultation,63.58099013715091
188,ANDALUSIA HEALTH,Counseling for Thalassemia,66.8455674714078
189,ANDALUSIA HEALTH,Genetic Testing for Hemophilia,106.67671632021396
190,ANDALUSIA HEALTH,Septic Arthritis Treatment,71.44253570994762
191,ANDALUSIA HEALTH,Cranial Nerve Testing,33.202344048019405
192,ANDALUSIA HEALTH,Ocular Motility Exam,38.21282474994381
193,ANDALUSIA HEALTH,Vestibular Evaluation,53.369751883696935
194,ANDALUSIA HEALTH,Traumatic Brain Injury Physical Therapy,46.26424337273901
195,ANDALUSIA HEALTH,Pre-Operative Counseling,37.42605852921484
196,ANDALUSIA HEALTH,Bariatric Surgery Follow-Up,58.62049513229406
197,ANDALUSIA HEALTH,Functional Endoscopic Sinus Surgery Consultation,115.15989275690119
198,ANDALUSIA HEALTH,Eyelid Surgery Consultation,123.96030594184172
199,ANDALUSIA HEALTH,Pediatric Ophthalmology Screening,37.71069501699863
200,ANDALUSIA HEALTH,Rehabilitative Vision Therapy,38.28096754534225
201,ANDALUSIA HEALTH,Cochlear Implant Consultation,100.75466176143038
202,ANDALUSIA HEALTH,Tinnitus Treatment,39.452337912805184
203,ANDALUSIA HEALTH,Auditory Processing Disorder Assessment,32.18499444090283
204,ANDALUSIA HEALTH,Neuropsychological Testing,101.28643869652733
205,ANDALUSIA HEALTH,Pain Crisis Intervention for Sickle Cell,84.97356411474766
206,ANDALUSIA HEALTH,Genetic Counseling for Neurological Disorders,100.1429808244292
207,ANDALUSIA HEALTH,Neurofibromatosis Screening,88.86028711848778
208,ANDALUSIA HEALTH,Pediatric Surgery Consultation,100.60136703095101
209,ANDALUSIA HEALTH,Fetal Anomaly Scan,107.5697746520851
210,ANDALUSIA HEALTH,Preconception Genetic Counseling,31.372848370043123
211,ANDALUSIA HEALTH,Therapeutic Phlebotomy,48.66674987693022
212,ANDALUSIA HEALTH,Bariatric Nutrition Counseling,42.364632896740886
213,ANDALUSIA HEALTH,Stress Echocardiogram,105.22708224043348
214,ANDALUSIA HEALTH,Pediatric Bone Density Testing,50.52508194441169
215,ANDALUSIA HEALTH,Oncological Dermatology Consultation,90.18590378468244
216,ANDALUSIA HEALTH,Podiatric Nail Surgery,45.19634573559608
217,ANDALUSIA HEALTH,Platelet Function Test,37.26654767887251
218,ANDALUSIA HEALTH,Cryotherapy for Skin Lesions,49.98103009754222
219,ANDALUSIA HEALTH,Home Sleep Apnea Testing,54.32585903470064
220,ANDALUSIA HEALTH,Pediatric Rheumatology Consultation,87.93135110640416
221,ANDALUSIA HEALTH,Adult Congenital Heart Disease Consultation,102.72749431256868
222,ANDALUSIA HEALTH,Pacemaker Programming and Adjustment,87.84961512647254
223,ANDALUSIA HEALTH,Pre-Operative Cardiac Clearance,69.91974872185243
224,ANDALUSIA HEALTH,Pulmonary Rehabilitation Counseling,36.90283244494507
225,ANDALUSIA HEALTH,Spinal Fusion Surgery Consultation,100.06188032356776
226,ANDALUSIA HEALTH,Nutritional IV Infusion Therapy,57.54143219548227
227,ANDALUSIA HEALTH,Pediatric Epilepsy Consultation,78.9188990301658
228,ANDALUSIA HEALTH,Fetal Genetic Testing,114.69657858003447
229,ANDALUSIA HEALTH,HPV-Associated Cancer Screening,32.93346263775618
230,ANDALUSIA HEALTH,Parenteral Nutrition Training,58.26008975232016
231,ANDALUSIA HEALTH,Palliative Physical Therapy,33.48390493072919
232,ANDALUSIA HEALTH,Phototherapy for Psoriasis,59.41855112460071
233,ANDALUSIA HEALTH,Genetic Counseling for Rare Diseases,98.60557196202126
234,ANDALUSIA HEALTH,Chronic Fatigue Syndrome Consultation,33.94508362721626
235,ANDALUSIA HEALTH,Pediatric Pain Management,54.67105933492895
236,ANDALUSIA HEALTH,Pediatric Orthodontic Consultation,30.728875134991004
237,ANDALUSIA HEALTH,Holistic Pain Management,43.331644724000476
238,ANDALUSIA HEALTH,Diabetic Eye Examination,34.911348908948
239,ANDALUSIA HEALTH,Customized Diet Plan for Renal Disease,45.990107483683325
240,ANDALUSIA HEALTH,Hormone Therapy for Osteoporosis,49.29943214331119
241,ANDALUSIA HEALTH,Mammary Ductogram,69.03968493095263
242,ANDALUSIA HEALTH,Cancer Survivorship Counseling,35.368907458695475
243,ANDALUSIA HEALTH,Radiation Dose Calculation,60.44521753863544
244,ANDALUSIA HEALTH,Radiofrequency Ablation for Chronic Pain,117.11489473709754
245,ANDALUSIA HEALTH,Advanced Lipid Testing,34.463397036458915
246,ANDALUSIA HEALTH,Occupational Health Vision Screening,32.098067504091446
247,ANDALUSIA HEALTH,Post-Bariatric Nutrition Follow-up,40.17230387756924
248,ANDALUSIA HEALTH,Nerve Pain Block Injection,79.06135741268193
249,ANDALUSIA HEALTH,Pediatric Trauma Counseling,36.91415432635897
250,ANDALUSIA HEALTH,Advanced Caries Removal,51.255319920849516
251,ANDALUSIA HEALTH,Temporomandibular Joint Disorder (TMJ) Therapy,33.34992369994494
252,ANDALUSIA HEALTH,Comprehensive Pediatric Vision Exam,42.7117616801536
253,ANDALUSIA HEALTH,Neurogenic Bladder Management,56.1065310094788
254,ANDALUSIA HEALTH,Bioidentical Hormone Therapy,53.463972280472234
255,ANDALUSIA HEALTH,Osteopathic Manipulative Treatment,43.79104461487101
256,ANDALUSIA HEALTH,Adrenal Fatigue Evaluation,39.3744642419688
257,ANDALUSIA HEALTH,Stroke Speech Rehabilitation,49.12114903691141
258,ANDALUSIA HEALTH,Pain Catastrophizing Therapy,33.922725947524114
259,ANDALUSIA HEALTH,Trauma-Sensitive Yoga,33.12646625423572
260,ANDALUSIA HEALTH,Integrative Oncology Consultation,55.20520984753776
261,ANDALUSIA HEALTH,PrEP Adherence Counseling,21.678953486993365
262,ANDALUSIA HEALTH,Virtual Physical Therapy,26.00539784400635
263,ANDALUSIA HEALTH,Monoclonal Antibody Therapy,118.33886568448403
264,ANDALUSIA HEALTH,Spinal Cord Injury Rehabilitation,77.63994095209537
265,ANDALUSIA HEALTH,Concussion Baseline Testing,36.65568167025508
266,ANDALUSIA HEALTH,Functional Capacity Evaluation,45.27043014965264
267,ANDALUSIA HEALTH,Surgical Oncology Follow-Up,61.69387896768768
268,ANDALUSIA HEALTH,Gait Training,36.588177493946255
269,ANDALUSIA HEALTH,Renal Dialysis Access Creation,100.43291401974217
270,ANDALUSIA HEALTH,Diagnostic Angiography,93.68670300696584
271,ANDALUSIA HEALTH,Pediatric Concussion Management,49.56906204873873
272,ANDALUSIA HEALTH,Applied Behavior Analysis (ABA) for Autism,60.85660279497494
273,ANDALUSIA HEALTH,Functional Movement Assessment,29.356558700711368
274,ANDALUSIA HEALTH,Pelvic Pain Management,38.995031068093006
275,ANDALUSIA HEALTH,Anti-VEGF Therapy for Macular Degeneration,83.39358541525937
276,ANDALUSIA HEALTH,Pancreatic Cancer Screening,49.0428303532609
277,ANDALUSIA HEALTH,Mindfulness-Based Stress Reduction,38.60811248890165
278,ANDALUSIA HEALTH,Preoperative Anesthesia Assessment,36.61496393764171
279,ANDALUSIA HEALTH,Carpal Tunnel Release Surgery Consultation,49.351985714538436
280,ANDALUSIA HEALTH,Pediatric Seizure Monitoring,92.59146491267664
281,ANDALUSIA HEALTH,Transcranial Doppler Ultrasound,60.428171745497956
282,ANDALUSIA HEALTH,Retinal Laser Treatment,75.71198056123886
283,ANDALUSIA HEALTH,Bone Fracture Healing Monitoring,43.01053188324845
284,ANDALUSIA HEALTH,Lactose Intolerance Testing,35.776656625371686
285,ANDALUSIA HEALTH,MRI with Contrast,176.4618330851712
286,ANDALUSIA HEALTH,Thrombophilia Testing,66.13199327491921
287,ANDALUSIA HEALTH,Speech Augmentation Device Training,39.088124131485316
288,ANDALUSIA HEALTH,Parkinson’s Disease Deep Brain Stimulation Programming,112.67235151480311
289,ANDALUSIA HEALTH,Aortic Stenosis Screening,58.30641179087712
290,ANDALUSIA HEALTH,Bioimpedance Body Composition Analysis,34.728770954305254
291,ANDALUSIA HEALTH,Cardiac Event Monitoring,84.222261262085
292,ANDALUSIA HEALTH,Pediatric Eating Disorder Counseling,50.501978427345115
293,ANDALUSIA HEALTH,Custom Compression Garment Fitting,41.88646036045743
294,ANDALUSIA HEALTH,Oral Chemotherapy Education,31.202689534725558
295,ANDALUSIA HEALTH,Sports Injury Ultrasound,48.73863343039393
296,ANDALUSIA HEALTH,Liver Function Monitoring for Hepatitis,38.24823106601679
297,ANDALUSIA HEALTH,Stem Cell Therapy Consultation,104.60101004994947
298,ANDALUSIA HEALTH,Trauma Resilience Counseling,42.325163732585054
299,ANDALUSIA HEALTH,PTSD Screening for Veterans,35.0104136318938
300,ANDALUSIA HEALTH,Family Caregiver Training,30.478815435766467
301,ANDALUSIA HEALTH,Dermatology Skin Patch Testing,32.50764324900779
302,ANDALUSIA HEALTH,Insulin Pump Tuning,37.78342238578896
303,ANDALUSIA HEALTH,Stereotactic Body Radiation Therapy,180.6443547171005
304,ANDALUSIA HEALTH,Advanced Metabolic Testing,45.90236082290935
305,ANDALUSIA HEALTH,Low Vision Rehabilitation,37.316239853161164
306,ANDALUSIA HEALTH,Advanced Heart Failure Management,98.98775020655698
307,ANDALUSIA HEALTH,Huntington’s Disease Screening,98.76000529348359
308,ANDALUSIA HEALTH,Pediatric Anemia Treatment,40.8271124850273
309,ANDALUSIA HEALTH,Developmental Coordination Disorder Therapy,39.83014479151272
310,ANDALUSIA HEALTH,Behavioral Pain Intervention,43.98403859109528
311,ANDALUSIA HEALTH,Chemical Dependency Assessment,54.60002540802149
312,ANDALUSIA HEALTH,Precision Medicine Consultation,90.57440109739684
313,ANDALUSIA HEALTH,Transitional Care Coordination,29.81564497971273
314,ANDALUSIA HEALTH,Anterior Cruciate Ligament (ACL) Rehabilitation,59.09260633641611
315,ANDALUSIA HEALTH,Meniscus Tear Rehabilitation,51.573826930882774
316,ANDALUSIA HEALTH,Spinal Disc Herniation Treatment,74.53131947161741
317,ANDALUSIA HEALTH,Tendon Repair Surgery Consultation,105.29616616616123
318,ANDALUSIA HEALTH,Concussion Cognitive Therapy,49.33412922620738
319,ANDALUSIA HEALTH,Surgical Scar Revision,85.78153561736133
320,ANDALUSIA HEALTH,Pediatric Dietary Counseling for Food Allergies,35.6261673153752
321,ANDALUSIA HEALTH,Adult Hypertension Management Program,42.256670447507005
322,ANDALUSIA HEALTH,Preconception Carrier Screening,60.12821494992066
323,ANDALUSIA HEALTH,Botox for Spasticity Management,84.6450282738023
324,ANDALUSIA HEALTH,Stem Cell Injection for Joint Repair,146.3381303703296
325,ANDALUSIA HEALTH,Customized Exercise Program for Obesity,37.748105535150806
326,ANDALUSIA HEALTH,Surgical Consultation for Varicose Veins,68.67416176346502
327,ANDALUSIA HEALTH,Foot Ulcer Treatment for Diabetics,39.99506371994375
328,ANDALUSIA HEALTH,Growth Hormone Therapy for Children,73.32947913329622
329,ANDALUSIA HEALTH,Screening for Osteopenia,35.10984351249144
330,ANDALUSIA HEALTH,Counseling for Genetic Disorders in Pregnancy,54.323694396013686
331,ANDALUSIA HEALTH,Specific Allergy Immunotherapy for Animal Allergies,66.8983346133104
332,ANDALUSIA HEALTH,IV Iron Therapy for Anemia,52.95335814649947
333,ANDALUSIA HEALTH,Sleep Hygiene Education,22.38986185068758
334,ANDALUSIA HEALTH,Specialized Physical Therapy for Runners,38.01743671701113
335,ANDALUSIA HEALTH,Surgical Correction of Hammer Toe,66.54401420800434
336,ANDALUSIA HEALTH,Wound Dressing Change for Severe Burns,60.68866410275622
337,ANDALUSIA HEALTH,Orthodontic Treatment Consultation for Jaw Correction,79.80769258465659
338,ANDALUSIA HEALTH,Laser Therapy for Acne Scars,51.74271115534003
339,ANDALUSIA HEALTH,Cryosurgery for Warts,34.00885063089888
340,ANDALUSIA HEALTH,Behavioral Therapy for OCD,56.97539442127353
341,ANDALUSIA HEALTH,Ophthalmologic Surgery for Glaucoma,99.26502328254821
342,ANDALUSIA HEALTH,Chronic Lyme Disease Counseling,53.37813222003359
343,ANDALUSIA HEALTH,Specialized Nutrition Counseling for Cancer Patients,39.71686406640452
344,ANDALUSIA HEALTH,Cardiac Valve Replacement Surgery Consultation,109.28818783440474
345,ANDALUSIA HEALTH,Pre-Transplant Psychological Evaluation,63.39730584485715
346,ANDALUSIA HEALTH,Sensory Integration Therapy for Autism,39.24784728766578
347,ANDALUSIA HEALTH,Therapeutic Massage for Chronic Pain,42.598197894306026
348,ANDALUSIA HEALTH,Tele-Consultation for Chronic Skin Conditions,38.50582160009163
349,ANDALUSIA HEALTH,Hearing Aid Adjustment,36.409927479769124
350,ANDALUSIA HEALTH,Postpartum Mental Health Support,41.19390075443281
351,ANDALUSIA HEALTH,Dental Implant Consultation,95.43146668474249
352,ANDALUSIA HEALTH,Advanced Cardiac Rehabilitation,68.2754395432474
353,ANDALUSIA HEALTH,Bone Marrow Donor Counseling,49.882146589000214
354,ANDALUSIA HEALTH,Pre-Surgical Lab Work and Preparation,37.05627622800798
355,ANDALUSIA HEALTH,Functional Medicine Consultation for Hormonal Imbalance,52.98306867999152
356,ANDALUSIA HEALTH,Neonatal Circumcision,38.16903241046052
357,ANDALUSIA HEALTH,Pediatric Pre-Surgery Counseling,40.24395231033839
358,ANDALUSIA HEALTH,Pediatric Scoliosis Screening,34.083497353265024
359,ANDALUSIA HEALTH,Hand Therapy for Carpal Tunnel,41.55531389640108
360,ANDALUSIA HEALTH,Voice Therapy for Hoarseness,38.939890043901435
361,ANDALUSIA HEALTH,In-Office Tooth Whitening,94.60238732725202
362,ANDALUSIA HEALTH,Screening for Celiac Disease,33.575761797895794
363,ANDALUSIA HEALTH,Allergy Desensitization Therapy for Food Allergies,100.23434812252256
364,ANDALUSIA HEALTH,Liver Biopsy for Fatty Liver Disease,92.38875328076745
365,ANDALUSIA HEALTH,Childhood Sleep Disorder Counseling,35.12697709428404
366,ANDALUSIA HEALTH,Behavioral Parent Training for ADHD,32.645530714270926
367,ANDALUSIA HEALTH,ADHD Behavioral Interventions in Schools,43.42107565733104
368,ANDALUSIA HEALTH,Biologic Therapy for Psoriasis,92.46806801742852
369,ANDALUSIA HEALTH,Cognitive Stimulation Therapy for Dementia,47.20667093062627
370,ANDALUSIA HEALTH,Diabetes Support Group,9.835030185887323
371,ANDALUSIA HEALTH,Pulmonary Rehabilitation for COPD,55.067712511250384
372,ANDALUSIA HEALTH,Specialized Rehabilitation for Spinal Cord Injury,75.53853991437751
373,ANDALUSIA HEALTH,Lung Cancer Screening with Low-Dose CT,58.68376222015141
374,ANDALUSIA HEALTH,Chronic Migraine Pain Management Program,46.389208018616664
375,ANDALUSIA HEALTH,Gastrointestinal Cancer Genetic Screening,78.6011852780042
376,ANDALUSIA HEALTH,Thoracic Surgery Consultation,81.98552709706382
377,ANDALUSIA HEALTH,Prostate Cancer Immunotherapy,106.83718920450329
378,ANDALUSIA HEALTH,Virtual Cognitive Behavioral Therapy (CBT),37.74613316925458
379,ANDALUSIA HEALTH,Occupational Health Counseling for PTSD,45.899332820984554
380,ANDALUSIA HEALTH,Occupational Health Lung Function Screening,33.98934429480036
381,ANDALUSIA HEALTH,Occupational Asthma Management,48.08732895679802
382,ANDALUSIA HEALTH,Customized Nutritional Support for Crohn's Disease,59.57365106739404
383,ANDALUSIA HEALTH,Postpartum Pelvic Health Counseling,33.362048478686596
384,ANDALUSIA HEALTH,Treatment Planning for Stage 4 Cancer,98.22868010236135
385,ANDALUSIA HEALTH,Thyroid Cancer Ultrasound Follow-Up,30.62403750749263
386,ANDALUSIA HEALTH,Cervical Cancer Vaccine Counseling,8.423035834686768
387,ANDALUSIA HEALTH,Comprehensive Balance Assessment,52.26037322760451
388,ANDALUSIA HEALTH,Cancer Pain Management Program,49.686975120473726
389,ANDALUSIA HEALTH,Nutrition Therapy for High Cholesterol,33.326550048926094
390,ANDALUSIA HEALTH,Sleep Study Interpretation and Counseling,44.41561746100916
391,ANDALUSIA HEALTH,Cancer Nutrition Management,51.51380921140654
392,ANDALUSIA HEALTH,Custom-Made Orthotics for Foot Pain,69.49864866870746
393,ANDALUSIA HEALTH,Swallowing Therapy for Stroke Patients,45.49913475198464
394,ANDALUSIA HEALTH,Rapid HIV Testing and Counseling,9.677783462917247
395,ANDALUSIA HEALTH,Medication Management for Alzheimer's Disease,51.48085246388175
396,ANDALUSIA HEALTH,Post-ICU Rehabilitation Program,60.98293579097732
397,ANDALUSIA HEALTH,Virtual Care Coordination for Chronic Illness,37.747129881566096
398,ANDALUSIA HEALTH,Emergency Contraception Counseling,7.897121592265546
399,ANDALUSIA HEALTH,Pulmonary Function Training for Athletes,32.87655332960921
400,ANDALUSIA HEALTH,Concussion Assessment and Rehabilitation,39.846990581328626
401,ANDALUSIA HEALTH,Neurofeedback Therapy for ADHD,54.431829288652146
402,ANDALUSIA HEALTH,Radiation Therapy Follow-Up for Breast Cancer,100.76512455527923
403,ANDALUSIA HEALTH,High-Risk Pregnancy Nutrition Counseling,45.8418947218331
404,ANDALUSIA HEALTH,Home-Based Physical Therapy for Seniors,41.15207924322506
405,ANDALUSIA HEALTH,Post-Operative Wound Assessment,36.64082462012899
406,ANDALUSIA HEALTH,Low Testosterone Screening,40.11376114989439
407,ANDALUSIA HEALTH,Men's Health and Wellness Counseling,35.759268957837214
408,ANDALUSIA HEALTH,Pediatric Weight Management Counseling,47.81627591165799
409,ANDALUSIA HEALTH,Support Group for Bereavement,8.324364674837039
410,ANDALUSIA HEALTH,Biometric Screening for Corporate Wellness,25.480622615977058
411,ANDALUSIA HEALTH,Chronic Pain Support Group,7.472486056851526
412,ANDALUSIA HEALTH,Reconstructive Surgery Consultation for Burn Victims,99.74489056129664
413,ANDALUSIA HEALTH,Orthotic Fitting for Flat Feet,49.313864183150265
414,ANDALUSIA HEALTH,Chronic Disease Self-Management Workshop,13.599343729119258
415,ANDALUSIA HEALTH,Telemonitoring for Heart Failure,55.16494535647896
416,ANDALUSIA HEALTH,Cancer Rehabilitation Counseling,55.18755667015219
417,ANDALUSIA HEALTH,IV Therapy for Dehydration,50.73735892654411
418,ANDALUSIA HEALTH,Heart Health Screening for Athletes,35.06438326574787
419,ANDALUSIA HEALTH,Bronchiectasis Management Program,54.361055513662805
420,ANDALUSIA HEALTH,Personalized Exercise Planning for COPD,45.09934922258027
421,ANDALUSIA HEALTH,Trauma Counseling for Abuse Victims,40.1197894762402
422,ANDALUSIA HEALTH,Risk Assessment for Breast Cancer,35.52651456145426
423,ANDALUSIA HEALTH,Inhalation Therapy for Respiratory Conditions,31.167340965811313
424,ANDALUSIA HEALTH,Pediatric Nutrition for Special Needs,38.95158861690735
425,ANDALUSIA HEALTH,Personalized Diet Counseling for Athletes,31.874663887353183
426,ANDALUSIA HEALTH,Advanced Cardiovascular Imaging,113.72096115224012
427,ANDALUSIA HEALTH,Pain Coping Skills Training,42.18860910807488
428,ANDALUSIA HEALTH,Oncology Social Work Counseling,31.56787816725698
429,ANDALUSIA HEALTH,Foot and Ankle Pain Assessment,31.15712703631452
430,ANDALUSIA HEALTH,Pelvic Pain Therapy,42.426599152564634
431,ANDALUSIA HEALTH,Chiropractic Adjustment for Lower Back Pain,36.922199655691564
432,ANDALUSIA HEALTH,Blood Pressure Self-Monitoring Training,20.547614822644405
433,ANDALUSIA HEALTH,In-Office Dental Fluoride Application,35.1181966569477
434,ANDALUSIA HEALTH,Customized Nutritional Counseling for IBS,35.78361423757921
435,ANDALUSIA HEALTH,Sports Physicals for High School Athletes,22.773151950428982
436,ANDALUSIA HEALTH,Home Health Monitoring for Diabetes,38.26866982306912
437,ANDALUSIA HEALTH,Cardiac Risk Counseling for Smokers,32.82074659451425
438,ANDALUSIA HEALTH,Pre-Travel Vaccination Counseling,20.985079835154327
439,ANDALUSIA HEALTH,Lung Function Test for Asthma,36.567490497894276
440,ANDALUSIA HEALTH,Nutritional Support for HIV Patients,39.39929557532197
441,ANDALUSIA HEALTH,Smoking Cessation Telehealth Program,18.798646798386116
442,ANDALUSIA HEALTH,Personalized Cancer Risk Assessment,55.47345445857893
443,ANDALUSIA HEALTH,Therapeutic Ultrasound for Muscle Pain,35.85293229197857
444,ANDALUSIA HEALTH,Personalized Physical Therapy for Low Back Pain,57.06998520217681
445,ANDALUSIA HEALTH,Advanced Glucose Monitoring for Diabetes,41.878590109164115
446,ANDALUSIA HEALTH,Vascular Surgery Consultation,97.3845771118671
447,ANDALUSIA HEALTH,Electrocardiogram Interpretation,35.41325754403612
448,ANDALUSIA HEALTH,Pain Management for Neuropathy,35.25178227866925
449,ANDALUSIA HEALTH,Cryotherapy for Actinic Keratosis,36.746082685449714
450,ANDALUSIA HEALTH,Digital Retinal Imaging,36.18517922631947
451,ANDALUSIA HEALTH,Breast Health Genetic Counseling,61.42849899337731
452,ANDALUSIA HEALTH,Customized Home Exercise Plan for Seniors,24.166674910589194
453,ANDALUSIA HEALTH,Personalized Diet Counseling for Heart Disease,38.13147694616735
454,ANDALUSIA HEALTH,Anxiety Management for Children,36.468602713851844
455,ANDALUSIA HEALTH,Post-Operative Occupational Therapy,35.93262362100808
456,ANDALUSIA HEALTH,Compression Garment Fitting for Edema,36.082515558728346
457,ANDALUSIA HEALTH,Inpatient Rehabilitation for Stroke,110.86179251580865
458,ANDALUSIA HEALTH,Chronic Disease Management for COPD,36.01615235198292
459,ANDALUSIA HEALTH,Home-Based Cancer Rehabilitation,41.53052746835882
460,ANDALUSIA HEALTH,Chronic Kidney Disease Dietary Management,45.91285196322697
461,ANDALUSIA HEALTH,Skin Patch Testing for Contact Dermatitis,36.961557885258316
462,ANDALUSIA HEALTH,Advanced Wound Care for Pressure Ulcers,56.2634521012691
463,ANDALUSIA HEALTH,Specialized Therapy for PTSD,45.07779083803192
464,ANDALUSIA HEALTH,Chronic Fatigue Syndrome Support Group,10.22869841759577
465,ANDALUSIA HEALTH,Pediatric Early Intervention Services,36.10326256459381
466,ANDALUSIA HEALTH,Home Safety Assessment for Elderly,27.824804049887355
467,ANDALUSIA HEALTH,Oral Health Screening for Pregnant Women,18.12151893429773
468,ANDALUSIA HEALTH,Balance Therapy for Vertigo,39.288172301836845
469,ANDALUSIA HEALTH,Palliative Counseling for Caregivers,37.009557942495746
470,ANDALUSIA HEALTH,Support Group for Caregivers of Alzheimer's Patients,9.9892930725027
471,ANDALUSIA HEALTH,Nutritional Counseling for Hypertension,36.097735192654774
472,ANDALUSIA HEALTH,Occupational Therapy for Hand Injuries,36.409002541267256
473,ANDALUSIA HEALTH,Heart Health Check-Up for Women,35.570249847358944
474,ANDALUSIA HEALTH,Occupational Hearing Conservation Program,26.491165368821008
475,ANDALUSIA HEALTH,Vision Therapy for Dyslexia,45.18320668611153
476,ANDALUSIA HEALTH,Pediatric Obesity Counseling,29.954648976438435
477,ANDALUSIA HEALTH,Eye Movement Desensitization for Trauma,41.19073868229005
478,ANDALUSIA HEALTH,Cancer Prehabilitation Program,32.66278628237489
479,ANDALUSIA HEALTH,Oncology Rehabilitation for Lymphedema,35.62256088394628
480,ANDALUSIA HEALTH,Diabetes Self-Management Education,20.892391668461286
481,ANDALUSIA HEALTH,Weight Loss Counseling for Obesity,29.984556947213754
482,ANDALUSIA HEALTH,Perimenopause Symptom Management,31.7239434122973
483,ANDALUSIA HEALTH,Arthritis Pain Self-Management Workshop,18.077552142424185
484,ANDALUSIA HEALTH,Custom Hearing Protection Fitting,37.168692662619726
485,ANDALUSIA HEALTH,Corporate Health Wellness Counseling,25.029726601222535
486,ANDALUSIA HEALTH,Hepatitis C Medication Management,36.106563071052854
487,ANDALUSIA HEALTH,Advanced Cholesterol Panel,45.295294489253656
488,ANDALUSIA HEALTH,Assisted Walking Device Training,20.153001510779426
489,ANDALUSIA HEALTH,Sleep Medicine Consultation for Insomnia,34.33900268387109
490,ANDALUSIA HEALTH,Telemedicine Pain Consultation,37.593764976760866
491,ANDALUSIA HEALTH,Stroke Prevention Screening,36.35523077420947
492,ANDALUSIA HEALTH,Postpartum Support Group,10.827490418461375
493,ANDALUSIA HEALTH,Orthopedic Follow-Up for Joint Replacement,63.87800188452042
494,ANDALUSIA HEALTH,Custom Shoe Orthotics for Heel Pain,54.69757052179395
495,ANDALUSIA HEALTH,Pre-Employment Physical Exam,32.82050855723417
496,ANDALUSIA HEALTH,Pediatric Vaccination for Influenza,7.799736036165875
497,ANDALUSIA HEALTH,Lung Health Screening for Smokers,40.01679871548105
498,ANDALUSIA HEALTH,Telehealth Screening for Anxiety,27.067032639451906
499,ANDALUSIA HEALTH,Virtual Occupational Therapy Consultation,39.917618658975215
500,ANDALUSIA HEALTH,In-Home Concussion Recovery Support,43.20206522237956
501,ANDALUSIA HEALTH,Advanced Physical Therapy for Spinal Fusion Recovery,74.68274553558399
502,ANDALUSIA HEALTH,Personalized Exercise Therapy for Scoliosis,51.52437190220532
503,ANDALUSIA HEALTH,Advanced Nutrition Therapy for Pediatric Cancer Patients,54.18786153467085
504,ANDALUSIA HEALTH,Post-Operative Pain Management for ACL Reconstruction,58.31129569076798
505,ANDALUSIA HEALTH,Cardiovascular Fitness Program for Heart Failure,47.075049489485515
506,ANDALUSIA HEALTH,Pelvic Floor Therapy for Postpartum Recovery,38.516687368794635
507,ANDALUSIA HEALTH,In-Office Tooth Decay Prevention for Pediatric Patients,17.543544058706892
508,ANDALUSIA HEALTH,Diet Counseling for Adolescents with Diabetes,40.878661983490765
509,ANDALUSIA HEALTH,Teletherapy for Generalized Anxiety Disorder,32.64299115887768
510,ANDALUSIA HEALTH,Cognitive Behavioral Therapy for Insomnia,39.58604460645936
511,ANDALUSIA HEALTH,Breast Cancer Screening Follow-Up,50.660003723865934
512,ANDALUSIA HEALTH,Pulmonary Rehabilitation for Lung Cancer Patients,45.947258983992654
513,ANDALUSIA HEALTH,Specialized Allergy Shots for Environmental Allergies,64.04198532130272
514,ANDALUSIA HEALTH,Behavioral Therapy for Social Anxiety,39.09995037222673
515,ANDALUSIA HEALTH,Lactation Counseling for Working Mothers,22.61502591562441
516,ANDALUSIA HEALTH,Physical Therapy for Rotator Cuff Injuries,47.4325204172339
517,ANDALUSIA HEALTH,Occupational Therapy for Stroke Rehabilitation,45.3249571721547
518,ANDALUSIA HEALTH,Dietitian Support for Gluten-Free Meal Planning,17.54102442159854
519,ANDALUSIA HEALTH,Smoking Cessation Therapy with Nicotine Replacement,22.670376260584167
520,ANDALUSIA HEALTH,Blood Pressure Monitoring for Hypertension Patients,21.08928020525068
521,ANDALUSIA HEALTH,Neuropsychological Evaluation for Brain Injury,97.05815933137919
522,ANDALUSIA HEALTH,Home-Based Therapy for Children with Autism,36.430641223221116
523,ANDALUSIA HEALTH,Nutritional Counseling for Chronic Kidney Disease,35.5614609461584
524,ANDALUSIA HEALTH,Pre-Operative Assessment for Diabetic Patients,33.63212824428124
525,ANDALUSIA HEALTH,Neurology Follow-Up for Migraine Prevention,43.447344864562766
526,ANDALUSIA HEALTH,Nutrition Planning for High-Risk Pregnancies,39.536936221602026
527,ANDALUSIA HEALTH,Customized Exercise for Arthritis Management,32.56516188182091
528,ANDALUSIA HEALTH,Menopause Symptom Counseling,35.262281208139875
529,ANDALUSIA HEALTH,Oncology Counseling for Tobacco Cessation,25.890311965453126
530,ANDALUSIA HEALTH,Telehealth Counseling for Substance Abuse,35.637473629233824
531,ANDALUSIA HEALTH,Diabetic Retinopathy Laser Treatment,62.18521215014578
532,ANDALUSIA HEALTH,Dental Sealants for Preventing Cavities,34.1475017951765
533,ANDALUSIA HEALTH,Screening for High Cholesterol in Youth,20.72474859234988
534,ANDALUSIA HEALTH,Home-Based Exercises for Osteoporosis Prevention,22.25123816852459
535,ANDALUSIA HEALTH,Specialized Foot Care for Diabetics,37.32041234557949
536,ANDALUSIA HEALTH,Heart Health Counseling for Sedentary Adults,23.862440062816912
537,ANDALUSIA HEALTH,Child Nutrition Program for Underweight Children,26.92312834514593
538,ANDALUSIA HEALTH,Emergency Asthma Treatment for Children,42.2284996414986
539,ANDALUSIA HEALTH,In-Office Wart Removal,35.29277817376617
540,ANDALUSIA HEALTH,Behavioral Counseling for ADHD,38.62448260549362
541,ANDALUSIA HEALTH,Physical Activity Counseling for Cancer Survivors,18.303624830627847
542,ANDALUSIA HEALTH,High-Risk Breast Cancer Surveillance,43.502794159501434
543,ANDALUSIA HEALTH,Rehabilitation Exercises for Total Knee Replacement,62.9688566735556
544,ANDALUSIA HEALTH,Orthopedic Consultation for Hip Dysplasia,73.28020170447762
545,ANDALUSIA HEALTH,Dietitian Support for Chronic Migraines,36.79038041277278
546,ANDALUSIA HEALTH,Blood Testing for Immunodeficiency,50.46286656939708
547,ANDALUSIA HEALTH,Respiratory Therapy for Chronic Cough,32.61183530902083
548,ANDALUSIA HEALTH,Diet and Lifestyle Coaching for Prediabetes,26.65813244830936
549,ANDALUSIA HEALTH,Sports Nutrition Counseling for Athletes,39.99811511011708
550,ANDALUSIA HEALTH,Osteoporosis Screening for Elderly Men,38.200763805009196
551,ANDALUSIA HEALTH,Telemonitoring for COPD Management,38.108701994536915
552,ANDALUSIA HEALTH,Genetic Screening for Inherited Neurological Disorders,119.78675810418507
553,ANDALUSIA HEALTH,Personalized Counseling for ADHD in Adults,37.91394360142423
554,ANDALUSIA HEALTH,Preconception Health Check for Women,32.0360519670394
555,ANDALUSIA HEALTH,Therapeutic Massage for Fibromyalgia,45.85687248496058
556,ANDALUSIA HEALTH,Anxiety Group Therapy,15.039259666561634
557,ANDALUSIA HEALTH,Pelvic Pain Rehabilitation Therapy,28.812067721180572
558,ANDALUSIA HEALTH,Pediatric Dietary Support for Obesity,39.93075623862362
559,ANDALUSIA HEALTH,Chronic Disease Management Program for Seniors,36.58271486229163
560,ANDALUSIA HEALTH,Hearing Screening for Preschoolers,22.16200493961317
561,ANDALUSIA HEALTH,Allergy Testing for Pets,32.80259362549814
562,ANDALUSIA HEALTH,Urinary Tract Infection (UTI) Follow-Up,38.20013456670672
563,ANDALUSIA HEALTH,In-Office Bleaching for Sensitive Teeth,56.47048911935346
564,ANDALUSIA HEALTH,Family Therapy for Addiction Recovery,37.364182754688855
565,ANDALUSIA HEALTH,Monitoring and Adjustment for Pacemaker Patients,68.27122105392395
566,ANDALUSIA HEALTH,Post-Transplant Nutrition Counseling,34.957613539231666
567,ANDALUSIA HEALTH,Pain Management Counseling for Neuropathy,37.29294786876789
568,ANDALUSIA HEALTH,Advanced Balance Training for Seniors,42.834596131515106
569,ANDALUSIA HEALTH,Personalized Exercise Program for Sciatica Relief,35.09298697176284
570,ANDALUSIA HEALTH,Customized Home Care Plans for Stroke Patients,40.27530267005713
571,ANDALUSIA HEALTH,Rehabilitation Therapy for ACL Injury,54.44961021631423
572,ANDALUSIA HEALTH,Pediatric Vaccination for HPV Prevention,8.471170867617538
573,ANDALUSIA HEALTH,Family Planning Consultation for High-Risk Couples,33.87186167638631
574,ANDALUSIA HEALTH,Telepsychiatry for Rural Communities,31.78639068308594
575,ANDALUSIA HEALTH,Speech Therapy for Voice Disorders,45.285578036984965
576,ANDALUSIA HEALTH,Medication Management for Epilepsy Patients,32.90956460151794
577,ANDALUSIA HEALTH,Nutrition Counseling for Breastfeeding Mothers,33.49497368042063
578,ANDALUSIA HEALTH,Cognitive Therapy for Schizophrenia,45.99047427410052
579,ANDALUSIA HEALTH,Community-Based Diabetes Education,20.613694948629885
580,ANDALUSIA HEALTH,School-Based Health Counseling,19.022392173614385
581,ANDALUSIA HEALTH,Pregnancy Counseling for Women with Epilepsy,45.25799710065557
582,ANDALUSIA HEALTH,Nutritional Support for Hyperthyroidism,35.42168159996835
583,ANDALUSIA HEALTH,Therapeutic Exercises for Rotator Cuff Repair,42.99159354690006
584,ANDALUSIA HEALTH,Chronic Pain Management for Fibromyalgia,37.76491067507199
585,ANDALUSIA HEALTH,Behavioral Support for Weight Management,34.52164184948908
586,ANDALUSIA HEALTH,Elderly Medication Management Support,41.88276276003837
587,ANDALUSIA HEALTH,In-Home Occupational Therapy for Hand Function,39.164543926976926
588,ANDALUSIA HEALTH,Customized Stress Management Coaching,27.0580880095403
589,ANDALUSIA HEALTH,Inhaler Technique Training for Asthma Patients,22.648756531760164
590,ANDALUSIA HEALTH,Wound Care Education for Caregivers,22.732873105696516
591,ANDALUSIA HEALTH,Dietary Counseling for Hypercholesterolemia,34.08111383325936
592,ANDALUSIA HEALTH,Virtual Support for Insulin Pump Users,29.597342143104886
593,ANDALUSIA HEALTH,Advanced Physiotherapy for Multiple Sclerosis,38.04815769168289
594,ANDALUSIA HEALTH,Lung Function Test for Competitive Swimmers,37.178665094595885
595,ANDALUSIA HEALTH,Knee Osteoarthritis Exercise Program,43.1867219052403
596,ANDALUSIA HEALTH,Pre-Transplant Nutritional Assessment,53.30211434413961
597,ANDALUSIA HEALTH,Home-Based Support for Dementia Patients,33.76133656966993
598,ANDALUSIA HEALTH,Chronic Condition Monitoring for Asthma,41.01978700937159
599,ANDALUSIA HEALTH,Nutritional Therapy for Pediatric Epilepsy,52.215745173329566
600,ANDALUSIA HEALTH,Speech Therapy for Bilingual Children,33.21690919636817
601,ANDALUSIA HEALTH,Follow-Up Teleconsultation for Anxiety,22.47465165073527
602,ANDALUSIA HEALTH,In-Office Exam for Seasonal Allergies,26.930720322125023
603,ANDALUSIA HEALTH,Dietary Support for High Blood Pressure,34.959029333551634
604,ANDALUSIA HEALTH,Post-Operative Dietary Plan for Cancer,35.58480966359408
605,ANDALUSIA HEALTH,Therapeutic Program for Obsessive-Compulsive Disorder,38.94612687667995
606,ANDALUSIA HEALTH,Geriatric Care for Diabetes Management,42.943656645080495
607,ANDALUSIA HEALTH,Balance and Coordination Training,36.072566300216636
608,ANDALUSIA HEALTH,Nutritional Counseling for Cardiovascular Health,37.64298313246329
609,ANDALUSIA HEALTH,Post-Injury Pain Management,35.7780596407279
610,ANDALUSIA HEALTH,Physical Therapy for Tendonitis,53.14017576856191
611,ANDALUSIA HEALTH,Neuropathy Treatment for Diabetic Patients,42.755417074606754
612,ANDALUSIA HEALTH,Mobile Health Screening for Rural Communities,29.618326142009945
613,ANDALUSIA HEALTH,Home Care for Post-Surgical Recovery,39.51761560981637
614,ANDALUSIA HEALTH,Sports Medicine Consultation for Gymnasts,60.71903326459757
615,ANDALUSIA HEALTH,Nutritional Education for Vegetarian Athletes,31.784022202491858
616,ANDALUSIA HEALTH,Orthodontic Check for Teeth Realignment,36.11038208353021
617,ANDALUSIA HEALTH,General Health Checkup for Corporate Employees,34.59699679199362
618,ANDALUSIA HEALTH,Blood Test for Genetic Markers,48.56106562057379
619,ANDALUSIA HEALTH,Post-Injury Athletic Rehabilitation,56.73652826196685
620,ANDALUSIA HEALTH,Customized Exercise Regimen for Obesity,40.01681944476252
621,ANDALUSIA HEALTH,Teleconsultation for Hypertension Management,28.41120486900892
622,ANDALUSIA HEALTH,Home Monitoring for COPD,33.920532267701155
623,ANDALUSIA HEALTH,Sleep Hygiene Counseling for Insomniacs,25.661807186138102
624,ANDALUSIA HEALTH,Allergy Risk Assessment for Children,18.834929915391534
625,ANDALUSIA HEALTH,Speech and Language Therapy for Autism Spectrum,40.1984976187657
626,ANDALUSIA HEALTH,Customized Cancer Prevention Counseling,37.963918523647216
627,ANDALUSIA HEALTH,Rehabilitation for Foot Fracture,46.44306849387393
628,ANDALUSIA HEALTH,Osteoarthritis Symptom Counseling,30.019685206293612
629,ANDALUSIA HEALTH,Diet Counseling for Hypothyroidism,39.24360872195311
630,ANDALUSIA HEALTH,Exercise Program for Post-Cardiac Rehab,53.00420519631764
631,ANDALUSIA HEALTH,Virtual Support for Mental Health,33.50158708761013
632,ANDALUSIA HEALTH,Cognitive Support for Alzheimer’s Patients,31.002493163450957
633,ANDALUSIA HEALTH,Physical Therapy for Post-Mastectomy,43.73616687279458
634,ANDALUSIA HEALTH,Dental Consultation for Pregnant Women,33.66447952988746
635,ANDALUSIA HEALTH,Counseling for Chronic Pain Management,38.52211843604294
636,ANDALUSIA HEALTH,Telemedicine for Allergy Testing,28.340875514671
637,ANDALUSIA HEALTH,Specialized Diabetes Self-Care Training,18.587519514826102
638,ANDALUSIA HEALTH,Post-ICU Trauma Recovery,61.379611845882415
639,ANDALUSIA HEALTH,Custom Diet Plan for Pregnancy,38.239199378587124
640,ANDALUSIA HEALTH,Anxiety Disorder Therapy for Teenagers,34.8395916510364
641,ANDALUSIA HEALTH,Post-COVID Rehabilitation Counseling,34.02273890051532
642,ANDALUSIA HEALTH,Monitoring for Glaucoma Progression,37.53834559616408
643,ANDALUSIA HEALTH,Balance Assessment for Vestibular Issues,37.43931176978077
644,ANDALUSIA HEALTH,Mental Health Check-Up for Adolescents,35.7066445612084
645,ANDALUSIA HEALTH,Telehealth Counseling for Senior Wellness,22.818767409118863
646,ANDALUSIA HEALTH,Radiology Review for Cardiac Risk,67.07279703830852
647,ANDALUSIA HEALTH,Pain and Symptom Management for Arthritis,40.40420624534286
648,ANDALUSIA HEALTH,Monitoring for Arrhythmia Symptoms,32.93061893301351
649,ANDALUSIA HEALTH,Stroke Prevention Education,20.832411706725956
650,ANDALUSIA HEALTH,Dietary Intervention for Insulin Resistance,39.83204770037337
651,ANDALUSIA HEALTH,Pre-Diabetes Health Coaching,39.15653493383936
652,ANDALUSIA HEALTH,Blood Pressure Self-Management Program,21.775822783705497
653,ANDALUSIA HEALTH,Thyroid Function Screening,21.75933416937006
654,ANDALUSIA HEALTH,Acne Prevention Counseling for Teens,24.54109732934702
655,ANDALUSIA HEALTH,Oral Health Counseling for Diabetics,18.86529706902448
656,ANDALUSIA HEALTH,Virtual Check-In for Heart Failure,46.48698167722931
657,ANDALUSIA HEALTH,Home-Based Palliative Care,43.55704922351584
658,ANDALUSIA HEALTH,Weight Management for Post-Menopausal Women,33.73946999853642
659,ANDALUSIA HEALTH,Skin Check for Cancer Risk,38.647434655707265
660,ANDALUSIA HEALTH,Wound Care Plan for Amputation Patients,54.20981048237722
661,ANDALUSIA HEALTH,Counseling for Eating Disorders in Adolescents,42.4581539989447
662,ANDALUSIA HEALTH,Genetic Testing for Pediatric Patients,98.29545071004917
663,ANDALUSIA HEALTH,Hypertension Education for Young Adults,34.21338164710994
664,ANDALUSIA HEALTH,Psychiatric Evaluation for Anxiety Disorder,53.929069634046705
665,ANDALUSIA HEALTH,Pain Management Support Group,9.063604676264797
666,ANDALUSIA HEALTH,Neurological Monitoring for Parkinson's Disease,52.62630394768949
667,ANDALUSIA HEALTH,Family Counseling for Alzheimer's Support,21.14932789082625
668,ANDALUSIA HEALTH,Oral Appliance Therapy for Sleep Apnea,50.38048225318656
669,ANDALUSIA HEALTH,Nutrition Tracking for High Cholesterol,20.095005916617218
670,ANDALUSIA HEALTH,Functional Movement Training for Elderly,40.17524782537801
671,ANDALUSIA HEALTH,Joint Health Check for Athletes,34.87048003679105
672,ANDALUSIA HEALTH,Heart Disease Screening for Smokers,34.30826562827823
673,ANDALUSIA HEALTH,Customized Physical Therapy for Paralysis Recovery,60.00822555492541
674,ANDALUSIA HEALTH,Telehealth for Chronic Condition Monitoring,35.40536550455806
675,ANDALUSIA HEALTH,Exercise Program for Post-Stroke Recovery,38.30483433586716
676,ANDALUSIA HEALTH,Injury Prevention Program for Athletes,32.15689892397047
677,ANDALUSIA HEALTH,Post-Operative Cardiovascular Recovery,64.45387397089178
678,ANDALUSIA HEALTH,Hormone Therapy Counseling for Menopause,35.38716229334003
679,ANDALUSIA HEALTH,Therapy for Speech Disorders in Children,33.432525343093275
680,ANDALUSIA HEALTH,Diabetes Management for New Diagnoses,35.83539516647701
681,ANDALUSIA HEALTH,Community-Based Mental Health Programs,28.628994161645476
682,ANDALUSIA HEALTH,Pulmonary Rehabilitation for Athletes,42.02369006809332
683,ANDALUSIA HEALTH,Postpartum Depression Counseling,36.53460075280376
684,ANDALUSIA HEALTH,Pediatric Physical Therapy for Mobility Issues,41.67793209520288
685,ANDALUSIA HEALTH,Custom Fitness Program for Hypertension,34.579641417418614
686,ANDALUSIA HEALTH,Monitoring for Ongoing Cardiac Issues,39.34519316071801
687,ANDALUSIA HEALTH,Nutrition Counseling for Cancer Survivors,38.24151397422011
688,ANDALUSIA HEALTH,Pain Relief Program for Neurological Conditions,37.71107385390622
689,ANDALUSIA HEALTH,Support Program for Stroke Caregivers,21.619834402677743
690,ANDALUSIA HEALTH,Chronic Disease Management Education,16.139780489329084
691,ANDALUSIA HEALTH,Teletherapy for Rural Mental Health Support,39.59114505099609
692,ANDALUSIA HEALTH,Family Counseling for Drug Abuse,34.3230594904132
693,ANDALUSIA HEALTH,Behavioral Therapy for Eating Disorders,47.720195954439426
694,ANDALUSIA HEALTH,Speech Therapy for Parkinson's Patients,35.130368136194726
695,ANDALUSIA HEALTH,Neurological Exam for Elderly Patients,47.57649168595851
696,ANDALUSIA HEALTH,Diabetes Prevention Program,19.868890222905236
697,ANDALUSIA HEALTH,Weight Management Program for Adolescents,44.01183256809314
698,ANDALUSIA HEALTH,Dental Support for Patients with Braces,35.649354998368224
699,ANDALUSIA HEALTH,Guided Physical Therapy for Arthritic Hands,46.08327179746244
700,ANDALUSIA HEALTH,Elder Care Education for Families,21.108576315031286
701,ANDALUSIA HEALTH,Pre-Surgical Dental Cleaning,35.10215585572641
702,ANDALUSIA HEALTH,Thyroid Support Program for Men,29.599713993997888
703,ANDALUSIA HEALTH,Elderly Heart Screening,52.05693620971825
704,ANDALUSIA HEALTH,Nutritional Guidance for Renal Patients,34.05636360328221
705,ANDALUSIA HEALTH,Rehabilitation for Knee Replacement,57.58355238968284
706,ANDALUSIA HEALTH,Tailored Therapy for PTSD,40.280731887986086
707,ANDALUSIA HEALTH,Eye Health Screening for Diabetic Retinopathy,38.552914412925944
708,ANDALUSIA HEALTH,Diabetes Foot Care Program,45.05429898515021
709,ANDALUSIA HEALTH,Advanced Arthritis Rehabilitation,44.47617808987051
710,ANDALUSIA HEALTH,Infant Developmental Screening,19.20691096528529
711,ANDALUSIA HEALTH,Behavioral Health Check for Autism,34.44493554907108
712,ANDALUSIA HEALTH,Monitoring for High Blood Pressure,20.945969681260127
713,ANDALUSIA HEALTH,Muscle Pain Management Program,40.93043667371754
714,ANDALUSIA HEALTH,Diet Counseling for GERD,38.656488509157526
715,ANDALUSIA HEALTH,Support Group for Cancer Caregivers,17.15206376521922
716,ANDALUSIA HEALTH,Oncology Nutrition Counseling,26.894716499070626
717,ANDALUSIA HEALTH,Menopause Support Group,18.854051831729276
718,ANDALUSIA HEALTH,Pediatric Growth Assessment,22.82125094732632
719,ANDALUSIA HEALTH,Speech Training for Stuttering,32.668685891186136
720,ANDALUSIA HEALTH,Bone Density Screening for Post-Menopausal Women,32.51160578761854
721,ANDALUSIA HEALTH,Addiction Management Program,34.23322656507041
722,ANDALUSIA HEALTH,Chronic Obstructive Pulmonary Disease (COPD) Self-Management,34.04072680812686
723,ANDALUSIA HEALTH,Post-Surgery Pain Management for Joints,33.77262061393824
724,ANDALUSIA HEALTH,Counseling for Fertility Issues,44.48152802293744
725,ANDALUSIA HEALTH,Obesity Management Counseling,33.619636705188434
726,ANDALUSIA HEALTH,Family Health History Assessment,38.28741216733712
727,ANDALUSIA HEALTH,Respiratory Therapy for Sleep Apnea,35.28125507180056
728,ANDALUSIA HEALTH,Personalized Weight Loss Coaching,39.324157180797954
729,ANDALUSIA HEALTH,Physical Activity Coaching for Seniors,21.83775212369947
730,ANDALUSIA HEALTH,Cardiac Rehabilitation for Young Adults,40.509388384333185
731,ANDALUSIA HEALTH,Neurological Monitoring for Dementia,32.340968910737644
732,ANDALUSIA HEALTH,Guided Therapy for Bipolar Disorder,47.91805453904492
733,ANDALUSIA HEALTH,Elderly Medication Safety Check,23.735194885546168
734,ANDALUSIA HEALTH,Acupuncture for Chemotherapy Relief,45.68994458643882
735,ANDALUSIA HEALTH,Speech Improvement for Vocal Cord Paralysis,50.0763580186013
736,ANDALUSIA HEALTH,Vision Assessment for Driving,18.253042461733134
737,ANDALUSIA HEALTH,Heart Health Risk Assessment,36.24586220256352
738,ANDALUSIA HEALTH,Memory Care Support Group,13.378607827853397
739,ANDALUSIA HEALTH,Recovery Program for Heart Attack Patients,61.259392039539655
740,ANDALUSIA HEALTH,Post-Hospitalization Follow-Up for Seniors,35.269352960760365
741,ANDALUSIA HEALTH,Childhood Behavioral Screening,18.318038436599185
742,ANDALUSIA HEALTH,Nutrition Counseling for Gluten-Free Lifestyle,43.69795261994509
743,ANDALUSIA HEALTH,In-Home Nursing for Post-Op Recovery,64.8932336070699
744,ANDALUSIA HEALTH,Chronic Disease Management for Asthma,36.01670002016695
745,ANDALUSIA HEALTH,Sleep Apnea Education for Families,16.23346465823715
746,ANDALUSIA HEALTH,Obstetric Care Plan for At-Risk Pregnancy,53.19201954306823
747,ANDALUSIA HEALTH,Personalized Diet Plan for Thyroid Health,35.07864941899193
748,ANDALUSIA HEALTH,Chronic Pain Telemedicine Follow-Up,19.730627586217846
749,ANDALUSIA HEALTH,Advanced Diabetes Monitoring Program,34.679945148271436
750,ANDALUSIA HEALTH,Osteoporosis Counseling for Risk Reduction,37.23876911070373
751,ANDALUSIA HEALTH,Mental Health Counseling for PTSD,34.75721099995673
752,ANDALUSIA HEALTH,Oncology Social Work Support,17.496233969062214
753,ANDALUSIA HEALTH,Child Development Therapy for Delayed Milestones,44.413990249369434
754,ANDALUSIA HEALTH,Advanced Physical Therapy for Joint Replacement,53.37266172125925
755,ANDALUSIA HEALTH,Neurology Monitoring for MS Progression,40.2872280528086
756,ANDALUSIA HEALTH,Weight Management for Diabetic Patients,41.680421391966654
757,ANDALUSIA HEALTH,Post-Trauma Pain Management,38.54842758081885
758,ANDALUSIA HEALTH,Nutrition Counseling for High Blood Sugar,38.270679559317784
759,ANDALUSIA HEALTH,Endocrinology Consultation for Hormone Imbalance,34.87133383443821
760,ANDALUSIA HEALTH,Cardiology Screening for Senior Men,34.90962404194614
761,ANDALUSIA HEALTH,Health Monitoring for Post-COVID Recovery,32.377949822959565
762,ANDALUSIA HEALTH,Telemedicine for Diet Coaching,19.559045068715026
763,ANDALUSIA HEALTH,Cognitive Behavioral Therapy for Teenagers,34.24214996489059
764,ANDALUSIA HEALTH,Mobility Therapy for Parkinson's Disease,48.03780726239256
765,ANDALUSIA HEALTH,Custom Sleep Management Program,20.530140139944905
766,ANDALUSIA HEALTH,Vaccination Counseling for Pregnant Women,10.460589689559553
767,ANDALUSIA HEALTH,Skin Health Assessment for Eczema,20.47010695169436
768,ANDALUSIA HEALTH,Nutritional Education for Elderly,20.95151907505075
769,ANDALUSIA HEALTH,Tailored Therapy for ADHD in Adults,28.138693620351845
770,ANDALUSIA HEALTH,Support Group for ADHD Parents,9.507810896138318
771,ANDALUSIA HEALTH,Community Health Education for Youth,22.713135914986996
772,ANDALUSIA HEALTH,Chronic Pain Coping Skills Training,39.06295344660707
773,ANDALUSIA HEALTH,Eye Therapy for Computer Vision Syndrome,32.108608981993676
774,ANDALUSIA HEALTH,Neonatal Nutritional Support,36.11615341072243
775,ANDALUSIA HEALTH,Smoking Cessation Therapy for Youth,21.704909779967384
776,ANDALUSIA HEALTH,Ongoing Monitoring for Kidney Disease,35.79315965000708
777,ANDALUSIA HEALTH,Dietary Support for Cancer Treatment,30.864953669374692
778,ANDALUSIA HEALTH,Wellness Screening for Students,20.79500634195752
779,ANDALUSIA HEALTH,Teleconsultation for Weight Loss,17.288814220319594
780,ANDALUSIA HEALTH,Telemonitoring for Depression Symptoms,39.57024398515545
781,ANDALUSIA HEALTH,Asthma Management Program for Young Adults,35.65735767304659
782,ANDALUSIA HEALTH,General Wellness Counseling for Parents,18.29502895977644
783,ANDALUSIA HEALTH,Teletherapy for Mood Disorders,20.998722281650352
784,ANDALUSIA HEALTH,Bariatric Surgery Nutritional Counseling,56.73968946030804
785,ANDALUSIA HEALTH,Eye Health Screening for Macular Degeneration,37.36236032044293
786,ANDALUSIA HEALTH,In-Office Support for GERD Management,37.54277384126722
787,ANDALUSIA HEALTH,Advanced Exercise Program for Seniors,36.27934883717889
788,ANDALUSIA HEALTH,Cervical Cancer Prevention Counseling,19.84505105980296
789,ANDALUSIA HEALTH,Headache Management for Migraine Sufferers,39.09046048187359
790,ANDALUSIA HEALTH,Chronic Pain Therapy for Veterans,36.07145477022434
791,ANDALUSIA HEALTH,Post-Surgery Physical Therapy for Seniors,35.15423703276882
792,ANDALUSIA HEALTH,Home-Based Diet Coaching,24.89005617825424
793,ANDALUSIA HEALTH,Care Coordination for Chronic Illness,37.47644441366174
794,ANDALUSIA HEALTH,Nutritional Coaching for Low Blood Pressure,18.928045557412112
795,ANDALUSIA HEALTH,Bone Strength Training for Seniors,19.076938882389946
796,ANDALUSIA HEALTH,Customized Vision Therapy for Children,38.72958824521986
797,ANDALUSIA HEALTH,Health Screening for Pre-Diabetics,30.689675556810684
798,ANDALUSIA HEALTH,Pre-Operative Health Assessment,35.06500485312774
799,ANDALUSIA HEALTH,Screening for Heart Murmurs,37.1638591616604
800,ANDALUSIA HEALTH,Behavioral Coaching for Tobacco Cessation,36.70418906417387
801,ANDALUSIA HEALTH,Post-Op Nutritional Support for Surgery Patients,35.72632978509459
802,ANDALUSIA HEALTH,Ongoing Monitoring for Autoimmune Disorders,50.12941515096679
803,ANDALUSIA HEALTH,Behavioral Health Coaching for Weight Management,47.736688962179194
804,ANDALUSIA HEALTH,Diet and Wellness Plan for Crohn's Disease,37.702181031358165
805,ANDALUSIA HEALTH,Mobility Training for Amputees,56.86709169669455
806,ANDALUSIA HEALTH,Postpartum Weight Loss Program,31.378837028180367
807,ANDALUSIA HEALTH,Advanced Eye Care for Seniors,46.381549672385354
808,ANDALUSIA HEALTH,Men’s Sexual Health Counseling,32.8709472592977
809,ANDALUSIA HEALTH,In-Office Blood Sugar Testing,19.836147977772743
810,ANDALUSIA HEALTH,Cardiac Screening for High-Risk Patients,54.23267494925241
811,ANDALUSIA HEALTH,Pain Management Program for Chronic Illness,44.6713852425352
812,ANDALUSIA HEALTH,Telehealth for Managing Digestive Disorders,32.64829397000596
813,ANDALUSIA HEALTH,Stress Reduction Program for Seniors,16.306553899712203
814,ANDALUSIA HEALTH,Telemonitoring for Chronic Heart Failure,37.58438337256718
815,ANDALUSIA HEALTH,Weight Loss Program for Post-Menopausal Women,36.16296623493663
816,ANDALUSIA HEALTH,Counseling for Post-Traumatic Stress Disorder,35.917383977838995
817,ANDALUSIA HEALTH,Pelvic Health Screening for Seniors,32.845801478225034
818,ANDALUSIA HEALTH,Nutritional Support for Vegetarians,22.40307791742434
819,ANDALUSIA HEALTH,Childhood Obesity Counseling,38.897461968879796
820,ANDALUSIA HEALTH,Low Vision Therapy for Children,39.752622523722145
821,ANDALUSIA HEALTH,Nutrition Education for Cardiovascular Health,36.129922906138496
822,ANDALUSIA HEALTH,High-Risk Pregnancy Monitoring,56.48329681026234
823,ANDALUSIA HEALTH,Family Nutrition Planning,42.17557079559032
824,ANDALUSIA HEALTH,Telecare for Behavioral Health,33.1541911819684
825,ANDALUSIA HEALTH,Tailored Stress Management for Athletes,36.28807450605098
826,ANDALUSIA HEALTH,Chronic Pain Counseling for Fibromyalgia,34.61608748826098
827,ANDALUSIA HEALTH,Postpartum Recovery Counseling,34.566578463606476
828,ANDALUSIA HEALTH,Health Assessment for Occupational Hazards,44.962481937724164
829,ANDALUSIA HEALTH,High Blood Pressure Monitoring at Home,18.16905498621509
830,ANDALUSIA HEALTH,Virtual Check-Ups for Senior Health,16.735350169224873
831,ANDALUSIA HEALTH,Dietary Support for Celiac Disease,37.67161380925974
832,ANDALUSIA HEALTH,In-Office Laser Treatment for Skin Lesions,56.230277831110755
833,ANDALUSIA HEALTH,Self-Care Coaching for Chronic Illness,39.11042739842553
834,ANDALUSIA HEALTH,Telemedicine Consultation for Back Pain,38.54299416367794
835,ANDALUSIA HEALTH,Customized Fitness for Osteoporosis,39.13951877886711
836,ANDALUSIA HEALTH,Teleconsultation for Thyroid Disorders,20.986016948794003
837,ANDALUSIA HEALTH,Post-Surgery Support for Cancer Patients,54.6650329254528
838,ANDALUSIA HEALTH,Family Therapy for Adolescents,32.1333051643166
839,ANDALUSIA HEALTH,Personalized Wellness Planning for Busy Professionals,35.61006165095878
840,ANDALUSIA HEALTH,Eye Strain Management for Computer Users,19.792021960372296
841,ANDALUSIA HEALTH,Pediatric Obesity Prevention Counseling,18.694989763055617
842,ANDALUSIA HEALTH,Home-Based Physical Therapy for Chronic Pain,37.10914460382907
843,ANDALUSIA HEALTH,Pain Relief Management for Chronic Migraines,42.169301891422826
844,ANDALUSIA HEALTH,Screening for Hormonal Imbalance in Youth,22.98978109298941
845,ANDALUSIA HEALTH,Medication Management for Heart Failure,42.44230819085462
846,ANDALUSIA HEALTH,Dental Screening for Gum Health,17.56541287944295
847,ANDALUSIA HEALTH,Sports Physical Exam for Student Athletes,16.412355216014358
848,ANDALUSIA HEALTH,Childhood Immunization Counseling,18.01880750171983
849,ANDALUSIA HEALTH,Nutritional Support for Pre-Operative Patients,44.47814929883925
850,ANDALUSIA HEALTH,Self-Care Education for Cancer Patients,31.281055260810323
851,ANDALUSIA HEALTH,Post-Transplant Health Monitoring,50.14153242211628
852,ANDALUSIA HEALTH,Supportive Therapy for Speech Impediments,38.985698301798415
853,ANDALUSIA HEALTH,Screening for Glaucoma in High-Risk Individuals,33.73595995154171
854,ANDALUSIA HEALTH,Bone Health Counseling for Young Women,21.503605911483763
855,ANDALUSIA HEALTH,Virtual Health Coaching for Chronic Illness,35.409429352982514
856,ANDALUSIA HEALTH,Injury Prevention for Child Athletes,20.889108890779184
857,ANDALUSIA HEALTH,Health Evaluation for Hormone Replacement Therapy,50.51370286737216
858,ANDALUSIA HEALTH,Youth Mental Health Wellness Screening,22.21120122002556
859,ANDALUSIA HEALTH,Workplace Ergonomics Assessment,33.02578210103932
860,ANDALUSIA HEALTH,Advanced Counseling for Bipolar Disorder,35.41937095544276
861,ANDALUSIA HEALTH,Self-Monitoring Education for Asthma Patients,19.424280127702733
862,ANDALUSIA HEALTH,High-Intensity Therapy for OCD,46.90479272301875
863,ANDALUSIA HEALTH,Diabetes Prevention Education,22.062578438072162
864,ANDALUSIA HEALTH,Physical Fitness Planning for Seniors,19.91461909675837
865,ANDALUSIA HEALTH,Customized Care Plan for Dementia,38.587842008323456
866,ANDALUSIA HEALTH,Post-Op Care for Bariatric Surgery Patients,48.998171567515634
867,ANDALUSIA HEALTH,Home-Based Stroke Rehabilitation,41.627399194559736
868,ANDALUSIA HEALTH,Diet Planning for Athletes with Celiac Disease,30.39341663960721
869,ANDALUSIA HEALTH,Pain Management Program for Palliative Care,35.62410779974204
870,ANDALUSIA HEALTH,Health Screening for College Students,20.73910183210226
871,ANDALUSIA HEALTH,Physical Therapy for Back Pain,34.36008128300272
872,ANDALUSIA HEALTH,Support Group for Grieving Families,10.401818601072879
873,ANDALUSIA HEALTH,Cognitive Therapy for Mild Dementia,33.125003991375344
874,ANDALUSIA HEALTH,Nutrition Plan for Lowering Cholesterol,28.465143890185892
875,ANDALUSIA HEALTH,High-Risk Health Management for Chronic Smokers,44.87777025868728
876,ANDALUSIA HEALTH,Annual Wellness Check for Working Adults,30.015337450713027
877,ANDALUSIA HEALTH,Blood Sugar Management for Young Adults,20.612802467641135
878,ANDALUSIA HEALTH,Skin Cancer Check-Up for Outdoor Workers,32.153932998891015
879,ANDALUSIA HEALTH,Postpartum Physical Therapy for Diastasis Recti,39.61657410815173
880,ANDALUSIA HEALTH,Occupational Health Screening for Travel Workers,33.125888507239786
881,ANDALUSIA HEALTH,Home Exercise Program for Arthritis,20.574617175980002
882,ANDALUSIA HEALTH,Health Counseling for the Elderly,22.535310649738456
883,ANDALUSIA HEALTH,Family Health and Wellness Planning,33.65699569379503
884,ANDALUSIA HEALTH,Customized Counseling for Chronic Pain,35.73606026809026
885,ANDALUSIA HEALTH,Physical Conditioning Program for Soldiers,27.39459057923751
886,ANDALUSIA HEALTH,Behavioral Health Coaching for Veterans,43.41540171944323
887,ANDALUSIA HEALTH,Physical Exam for Patients with Chronic Pain,36.942236153496694
888,ANDALUSIA HEALTH,Exercise Coaching for Senior Mobility,20.538101320247552
889,ANDALUSIA HEALTH,Dermatology Screening for High-Risk Skin Cancer Patients,34.3809682362795
890,ANDALUSIA HEALTH,Cardiac Risk Assessment for Overweight Patients,31.682305455700835
891,ANDALUSIA HEALTH,Annual Wellness Exam for Pre-Diabetics,37.56789393978538
892,ANDALUSIA HEALTH,Home-Based Exercise Program for Diabetes,16.909622844462387
893,ANDALUSIA HEALTH,Sleep Apnea Therapy Education,22.529565706118873
894,ANDALUSIA HEALTH,Injury Prevention for Senior Athletes,18.67231847914612
895,ANDALUSIA HEALTH,Post-Surgery Respiratory Therapy,30.46215622138815
896,ANDALUSIA HEALTH,Virtual Exercise Support for Mobility Challenges,33.68021604398519
897,ANDALUSIA HEALTH,Nutritional Counseling for Anxiety Management,41.642660660722015
898,ANDALUSIA HEALTH,Behavioral Health Counseling for Cancer Patients,34.77705050038705
899,ANDALUSIA HEALTH,Telemedicine for Chronic Obesity,17.887188457536105
900,ANDALUSIA HEALTH,Pain Management Therapy for Migraine Sufferers,32.618527474527816
901,ANDALUSIA HEALTH,In-Home Health Check for Seniors,31.47795086766174
902,ANDALUSIA HEALTH,Palliative Counseling for Terminal Illness,31.936125576128674
903,ANDALUSIA HEALTH,Custom Diet Plan for Elderly Patients,21.81967352992321
904,ANDALUSIA HEALTH,Community-Based Exercise Program for Seniors,16.341877516519922
905,ANDALUSIA HEALTH,Workplace Stress Management Workshop,17.273416240481904
906,ANDALUSIA HEALTH,Sports Medicine Program for High School Students,29.100406919290833
907,ANDALUSIA HEALTH,Child Safety and Health Education,16.272991745152176
908,ANDALUSIA HEALTH,Stress Management Counseling for Executives,38.77870569478671
909,ANDALUSIA HEALTH,Telehealth Screening for Occupational Health,34.93120779376345
910,ANDALUSIA HEALTH,Pediatric Bone Density Screening,34.45604491913981
911,ANDALUSIA HEALTH,Men's Health and Nutrition Counseling,34.33626858709586
912,ANDALUSIA HEALTH,Post-Cancer Health Maintenance Program,32.89861376735032
913,ANDALUSIA HEALTH,Women's Health Counseling for Menopause,32.45468817201102
914,ANDALUSIA HEALTH,Fall Prevention Program for Elderly,36.90295609010072
915,ANDALUSIA HEALTH,Cognitive Behavioral Therapy for Youth Depression,38.81837825851926
916,ANDALUSIA HEALTH,Mental Health Monitoring for Long-Term Care Residents,39.02063589281019
917,ANDALUSIA HEALTH,Cancer Screening for High-Risk Populations,31.029272017149587
918,ANDALUSIA HEALTH,In-Home Therapy for Chronic Respiratory Illness,30.071034258900596
919,ANDALUSIA HEALTH,Wellness Coaching for Cardiovascular Risk,19.74846684435461
920,ANDALUSIA HEALTH,Therapeutic Support for Chronic Pain Patients,35.355792696204425
921,ANDALUSIA HEALTH,Home Health Monitoring for Heart Patients,31.89221024838152
922,ANDALUSIA HEALTH,Advanced Cancer Counseling and Care Planning,53.422870623429496
923,ANDALUSIA HEALTH,Physical Therapy for Occupational Injuries,34.53880921258342
924,ANDALUSIA HEALTH,Childhood Development Screening for Special Needs,21.00375908294639
925,ANDALUSIA HEALTH,Speech Therapy for Developmental Delays,33.72644861060512
926,ANDALUSIA HEALTH,Sleep Counseling for Parents of Infants,22.286424181601593
927,ANDALUSIA HEALTH,Ongoing Counseling for Chronic Depression,35.77505727318042
928,ANDALUSIA HEALTH,Wellness Education for Pre-Teens,19.054418616134082
929,ANDALUSIA HEALTH,Advanced Rehabilitation for Joint Pain,32.10501135545499
930,ANDALUSIA HEALTH,Virtual Wellness Check for Isolated Seniors,21.005291977370348
931,ANDALUSIA HEALTH,Blood Pressure and Heart Rate Monitoring at Home,23.472507186493583
932,ANDALUSIA HEALTH,Emotional Support Program for End-of-Life Care,37.5747640878008
933,ANDALUSIA HEALTH,Family Education for Chronic Illness Management,20.065247285359206
934,ANDALUSIA HEALTH,Occupational Safety Training for Physical Laborers,18.898276568021796
935,ANDALUSIA HEALTH,Pain Management for Advanced Cancer,32.16330654684541
936,ANDALUSIA HEALTH,Custom Diet Plan for Athletes with Food Allergies,21.70825172572612
937,ANDALUSIA HEALTH,Childhood Trauma Counseling,32.99136201003958
938,ANDALUSIA HEALTH,Personalized Exercise for Back Pain Relief,38.495760983863434
939,ANDALUSIA HEALTH,Virtual Health Counseling for Busy Professionals,18.916753938209034
940,ANDALUSIA HEALTH,High-Intensity Pain Management Therapy,48.37230658339632
941,ANDALUSIA HEALTH,Behavioral Health Screening for School Children,19.306410194543368
942,ANDALUSIA HEALTH,Family Support Program for Dementia Care,20.481176534501518
943,ANDALUSIA HEALTH,Senior Wellness Assessment,18.952569984530427
944,ANDALUSIA HEALTH,Community Outreach Health Education,21.376126780121798
945,ANDALUSIA HEALTH,Diabetes Care Program for Underserved Populations,19.491020517693507
946,ANDALUSIA HEALTH,Cardiac Rehabilitation for Youth Athletes,32.60299227233149
947,ANDALUSIA HEALTH,Therapeutic Counseling for Grief and Loss,37.07704390694291
948,ANDALUSIA HEALTH,Tailored Exercise Therapy for Post-Trauma Recovery,37.59690008362919
949,ANDALUSIA HEALTH,Personalized Pain Management for Chronic Migraines,37.78081685571111
950,ANDALUSIA HEALTH,Wellness Check-Up for Family Members of Cancer Patients,20.273753144270593
951,ANDALUSIA HEALTH,Pediatric Health Education Program,19.993083706212154
952,ANDALUSIA HEALTH,Diet and Exercise Counseling for Bone Health,39.292060288285256
953,ANDALUSIA HEALTH,Senior Exercise Program for Bone Health,30.368253410488904
954,ANDALUSIA HEALTH,Advanced Cardiac Monitoring for Post-Surgery Recovery,44.70343136403416
955,ANDALUSIA HEALTH,Behavioral Counseling for Seniors with Mobility Issues,35.00025545707325
956,ANDALUSIA HEALTH,Weight Loss Program for Bariatric Patients,33.914942313029506
957,ANDALUSIA HEALTH,In-Office Exam for Mild Hearing Loss,19.908186901279866
958,ANDALUSIA HEALTH,Asthma Support Group for Families,10.39999732119467
959,ANDALUSIA HEALTH,Remote Health Check for Isolated Seniors,21.598567082197608
960,ANDALUSIA HEALTH,Custom Nutritional Program for Seniors,20.374532950937585
961,ANDALUSIA HEALTH,Telehealth for Sleep Disorder Management,18.629921497635436
962,ANDALUSIA HEALTH,Social Skills Training for Teens with Autism,35.810230796019766
963,ANDALUSIA HEALTH,Behavioral Therapy for Childhood Behavioral Issues,34.55544441341934
964,ANDALUSIA HEALTH,Cancer Care Counseling for Survivors,36.65332922274617
965,ANDALUSIA HEALTH,Pediatric Nutrition Program for Malnourishment,31.015272563164924
966,ANDALUSIA HEALTH,Mental Health Screening for Adolescents,21.680858795962834
967,ANDALUSIA HEALTH,Support Group for People with Chronic Illness,8.139092039511514
968,ANDALUSIA HEALTH,In-Office Nutrition Counseling for Diabetics,35.654210083394815
969,ANDALUSIA HEALTH,Nutritional Monitoring for Liver Disease Patients,34.55136585984519
970,ANDALUSIA HEALTH,General Health Screening for Young Adults,19.122646381620246
971,ANDALUSIA HEALTH,Community-Based Wellness Program for Youth,21.425643086392498
972,ANDALUSIA HEALTH,Personalized Diabetes Care Education,29.880790541159907
973,ANDALUSIA HEALTH,Health Education for At-Risk Youth,24.035479570260936
974,ANDALUSIA HEALTH,Tailored Mental Health Therapy for Trauma Survivors,39.54002469090604
975,ANDALUSIA HEALTH,Supportive Care for Families of Patients with Cancer,35.197252773225266
976,ANDALUSIA HEALTH,Weight Management for Teenagers,38.8559729328516
977,ANDALUSIA HEALTH,Cardiovascular Screening for Athletic Youth,37.10728976849743
978,ANDALUSIA HEALTH,Specialized Health Coaching for Autoimmune Disorders,35.144290440190936
979,ANDALUSIA HEALTH,Pediatric Preventative Dental Education,19.700093400556185
980,ANDALUSIA HEALTH,Emotional Support for Chronic Disease Patients,17.00436896500866
981,ANDALUSIA HEALTH,Health Screening for Childhood Anemia,19.233964549713484
982,ANDALUSIA HEALTH,In-Home Therapy for Memory Loss,37.6239108752516
983,ANDALUSIA HEALTH,Home Health Check-Up for Heart Monitoring,35.895654974304826
984,ANDALUSIA HEALTH,Telehealth Support for Weight Loss Maintenance,18.502718031809476
985,ANDALUSIA HEALTH,Exercise Guidance for Arthritic Seniors,20.028079845444495
986,ANDALUSIA HEALTH,Personalized Stress Management for Busy Parents,18.795396390707857
987,ANDALUSIA HEALTH,Post-Accident Mobility Training,32.084917402484066
988,ANDALUSIA HEALTH,Health Coaching for Families of Cancer Patients,19.964390516561934
989,ANDALUSIA HEALTH,Customized Therapy for Speech Delays,32.48391602212372
990,ANDALUSIA HEALTH,High Blood Pressure Care Plan,36.55177723171842
991,ANDALUSIA HEALTH,School Health Education Program,19.89717459238591
992,ANDALUSIA HEALTH,Cardiovascular Risk Reduction Counseling,18.132675880912256
993,ANDALUSIA HEALTH,Childhood Mental Health Workshop,19.242735184949534
994,ANDALUSIA HEALTH,Medication Therapy Management for Seniors,35.20140551266104
995,ANDALUSIA HEALTH,General Health Maintenance for Retirees,17.57774340869835
996,ANDALUSIA HEALTH,Lifestyle Change Counseling for Metabolic Syndrome,38.24851927304223
997,ANDALUSIA HEALTH,In-Office Counseling for Asthma Control,32.258588207187856
998,ANDALUSIA HEALTH,Nutrition Support for Pregnant Women,29.24611476847483
999,ANDALUSIA HEALTH,In-Office Blood Pressure Monitoring Program,38.24366960027421
